id_transaction,date,time,invoiced_amount,type
TXN001,2024-06-01,10:00:00,38940,Bill payment
TXN002,2024-07-09,12:00:00,75145,Bill payment
TXN003,2024-06-13,10:00:00,179217,Bill payment
TXN004,2024-07-26,13:00:00,51767,Bill payment
TXN005,2024-07-28,6:00:00,156501,Bill payment
TXN006,2024-07-16,21:00:00,32428,Bill payment
TXN007,2024-07-26,22:00:00,75301,Bill payment
TXN008,2024-06-17,16:00:00,16870,Bill payment
TXN009,2024-07-10,23:00:00,21794,Bill payment
TXN010,2024-06-19,23:00:00,193307,Bill payment
TXN011,2024-06-01,6:00:00,159093,Bill payment
TXN012,2024-07-12,19:00:00,174518,Bill payment
TXN013,2024-07-04,12:00:00,110254,Bill payment
TXN014,2024-07-12,4:00:00,162283,Bill payment
TXN015,2024-06-21,12:00:00,22161,Bill payment
TXN016,2024-07-08,12:00:00,195775,Bill payment
TXN017,2024-06-27,3:00:00,20824,Bill payment
TXN018,2024-07-09,5:00:00,191134,Bill payment
TXN019,2024-06-16,20:00:00,62979,Bill payment
TXN020,2024-06-08,22:00:00,36472,Bill payment
TXN021,2024-06-16,6:00:00,127881,Bill payment
TXN022,2024-07-30,3:00:00,26317,Bill payment
TXN023,2024-07-27,1:00:00,147364,Bill payment
TXN024,2024-06-26,1:00:00,153404,Bill payment
TXN025,2024-07-07,10:00:00,14210,Bill payment
TXN026,2024-06-08,19:00:00,49012,Bill payment
TXN027,2024-06-28,6:00:00,40302,Bill payment
TXN028,2024-07-03,1:00:00,27833,Bill payment
TXN029,2024-07-29,2:00:00,30313,Bill payment
TXN030,2024-07-26,20:00:00,134884,Bill payment
TXN031,2024-07-03,10:00:00,28982,Bill payment
TXN032,2024-06-15,17:00:00,158030,Bill payment
TXN033,2024-06-24,8:00:00,196009,Bill payment
TXN034,2024-06-22,17:00:00,68526,Bill payment
TXN035,2024-06-23,12:00:00,165287,Bill payment
TXN036,2024-06-28,11:00:00,178265,Bill payment
TXN037,2024-07-23,18:00:00,98069,Bill payment
TXN038,2024-07-28,0:00:00,153150,Bill payment
TXN039,2024-06-05,12:00:00,86902,Bill payment
TXN040,2024-06-28,4:00:00,96457,Bill payment
TXN041,2024-06-07,20:00:00,145586,Bill payment
TXN042,2024-07-15,19:00:00,163425,Bill payment
TXN043,2024-07-26,2:00:00,186218,Bill payment
TXN044,2024-07-12,1:00:00,159000,Bill payment
TXN045,2024-07-21,21:00:00,94554,Bill payment
TXN046,2024-07-26,11:00:00,152659,Bill payment
TXN047,2024-06-05,17:00:00,165021,Bill payment
TXN048,2024-06-10,10:00:00,115066,Bill payment
TXN049,2024-06-03,20:00:00,161029,Bill payment
TXN050,2024-07-29,3:00:00,167924,Bill payment
TXN051,2024-07-24,19:00:00,147991,Bill payment
TXN052,2024-07-26,11:00:00,124048,Bill payment
TXN053,2024-07-13,23:00:00,138162,Bill payment
TXN054,2024-06-28,0:00:00,161137,Bill payment
TXN055,2024-06-17,3:00:00,35669,Bill payment
TXN056,2024-07-06,7:00:00,67867,Bill payment
TXN057,2024-07-25,20:00:00,58242,Bill payment
TXN058,2024-06-09,20:00:00,113319,Bill payment
TXN059,2024-07-11,23:00:00,37708,Bill payment
TXN060,2024-07-20,16:00:00,54969,Bill payment
TXN061,2024-07-08,23:00:00,51411,Bill payment
TXN062,2024-07-17,5:00:00,45233,Bill payment
TXN063,2024-06-10,1:00:00,99926,Bill payment
TXN064,2024-06-20,12:00:00,31572,Bill payment
TXN065,2024-06-14,3:00:00,123720,Bill payment
TXN066,2024-07-29,14:00:00,17171,Bill payment
TXN067,2024-07-23,9:00:00,56259,Bill payment
TXN068,2024-06-20,22:00:00,196548,Bill payment
TXN069,2024-06-20,18:00:00,93635,Bill payment
TXN070,2024-07-15,21:00:00,58585,Bill payment
TXN071,2024-06-06,18:00:00,86244,Bill payment
TXN072,2024-07-18,20:00:00,55572,Bill payment
TXN073,2024-06-21,6:00:00,50713,Bill payment
TXN074,2024-06-29,18:00:00,129480,Bill payment
TXN075,2024-07-03,20:00:00,41657,Bill payment
TXN076,2024-06-15,11:00:00,126084,Bill payment
TXN077,2024-06-04,7:00:00,190936,Bill payment
TXN078,2024-06-21,21:00:00,78561,Bill payment
TXN079,2024-07-23,11:00:00,162844,Bill payment
TXN080,2024-06-29,15:00:00,80235,Bill payment
TXN081,2024-06-18,0:00:00,158138,Bill payment
TXN082,2024-06-06,15:00:00,101593,Bill payment
TXN083,2024-06-22,3:00:00,103741,Bill payment
TXN084,2024-07-04,2:00:00,41300,Bill payment
TXN085,2024-06-19,11:00:00,89956,Bill payment
TXN086,2024-07-13,5:00:00,165402,Bill payment
TXN087,2024-07-04,9:00:00,106689,Bill payment
TXN088,2024-06-14,11:00:00,22411,Bill payment
TXN089,2024-06-27,5:00:00,11359,Bill payment
TXN090,2024-06-08,10:00:00,79808,Bill payment
TXN091,2024-07-05,21:00:00,42648,Bill payment
TXN092,2024-06-03,5:00:00,101468,Bill payment
TXN093,2024-06-21,17:00:00,115488,Bill payment
TXN094,2024-07-26,0:00:00,61920,Bill payment
TXN095,2024-07-23,20:00:00,141510,Bill payment
TXN096,2024-07-08,19:00:00,39792,Bill payment
TXN097,2024-07-09,5:00:00,87689,Bill payment
TXN098,2024-07-06,0:00:00,178739,Bill payment
TXN099,2024-07-27,10:00:00,105611,Bill payment
TXN100,2024-07-11,7:00:00,141787,Bill payment